BE_LiST22-0375,아이사랑태평양약국,"구로구 새말로 15 삼전솔하임 101,102호 (구로동 586-5)",서울특별시,구로구,구로5동,853-3001,영어,126.882473861,37.5021857317
BE_LiST22-0376,종로프라자약국,구로구 구로중앙로 17 (구로동 142-62),서울특별시,구로구,구로4동,839-7422,영어,126.891545665,37.491587764
BE_LiST22-0377,메디신약국,구로구 목동남로 32 보광빌딩 1층 (고척동 38-8),서울특별시,구로구,고척2동,2687-0322,영어,126.863608484,37.5079787386
BE_LiST22-0378,대학약국,구로구 구로동로 149-1 (구로동 704-58),서울특별시,구로구,구로2동,865-4910,영어,126.883507556,37.4919765546
BE_LiST22-0379,참온누리약국,구로구 오리로 1149 랑데르 B-108호 (오류동 306-4),서울특별시,구로구,오류2동,070-4222-1177,"중국어, 영어",126.83824746,37.4866037123
BE_LiST22-0380,가산약국,가산로 116(가산동),서울특별시,금천구,가산동,838-1158,영어,126.893146268,37.4761062979
BE_LiST22-0381,토마스약국,시흥대로112길 6(독산동),서울특별시,금천구,독산동,855-3843,"영어, 독일어",126.899082091,37.4673176583
BE_LiST22-0382,신양온누리약국,시흥대로58길 38(시흥동),서울특별시,금천구,시흥동,804-1230,중국어,126.903359036,37.453654686
BE_LiST22-0383,메디팜큰사랑약국,"시흥대로 201, 지하1층(시흥동)",서울특별시,금천구,시흥동,805-8943,영어,126.900793538,37.4519045951
BE_LiST22-0384,윤경약국,남부순환로 1426(독산동),서울특별시,금천구,독산3동,"802-5639,",영어,126.909167377,37.4805382488
BE_LiST22-0385,한중약국,독산로 136(시흥동),서울특별시,금천구,시흥4동,804-6985,중국어,126.905232307,37.4595019717
BE_LiST22-0386,전진상약국,탑골로3가길 22(시흥동),서울특별시,금천구,시흥5동,802-9314,"영어, 불어",126.910733715,37.4525864789
BE_LiST22-0387,마미약국,"금하로 720, 206호(시흥동)",서울특별시,금천구,시흥5동,895-8902,영어,0,0
BE_LiST22-0388,프라자약국,"가산디지털1로 168, A/115(가산동, 우림라이온스밸리)",서울특별시,금천구,가산동,11월-26,영어,126.882635295,37.4799670597
BE_LiST22-0389,평안온누리약국,양평로 24길 9 한신아파트상가,서울특별시,영등포구,양평2동,2634-6769,영어,126.891746735,37.5402817691
BE_LiST22-0390,육교약국,신길로150 ,서울특별시,영등포구,신길4동,833-4830,영어,126.911014669,37.5054146535
BE_LiST22-0391,서울온누리약국,당산로31길 14,서울특별시,영등포구,당산1동,3667-1360,영어,126.895264166,37.5268239922
BE_LiST22-0392,부부정약국,양평로 64,서울특별시,영등포구,당산2동,2676-8288,영어,126.899963797,37.5351388999
BE_LiST22-0393,선경약국,국제금융로2길 24 지하1층,서울특별시,영등포구,여의동,786-1192,영어,126.924838892,37.5243056909
BE_LiST22-0394,이도약국,당산로31길 6,서울특별시,영등포구,당산1동,2633-7167,영어,126.896065261,37.5267273917
BE_LiST22-0395,흑석유약국,동작구 현충로 10길 6 흑석한강센트레빌상가 110호,서울특별시,동작구,흑석동,884-1511,중국어,0,0
BE_LiST22-0396,대일약국,동작구 동작대로27길 22,서울특별시,동작구,사당2동,591-4655,영어,126.9806558,37.4877003593
BE_LiST22-0397,효성약국,동작구 상도로 181,서울특별시,동작구,상도2동,813-0467,"영어, 중국어",126.938832569,37.5049566026
BE_LiST22-0398,화생약국,동작구 노량진로6길 26,서울특별시,동작구,노량진2동,813-1551,중국어,126.935591987,37.5119466765
BE_LiST22-0399,강림약국,동작구 시흥대로 668-2,서울특별시,동작구,신대방1동,832-8975,영어,126.908562117,37.4910615554
BE_LiST22-0400,옵티마 다정약국,"동작구 동작대로29길 69 두성프라자120,121호",서울특별시,동작구,사당2동,595-8804,영어,126.97810922,37.4884531576
BE_LiST22-0401,성대약국,동작구 성대로 11,서울특별시,동작구,상도4동,821-1519,일본어,126.932562377,37.5000264909
BE_LiST22-0402,보라매대학약국,동작구 보라매로5길 23 101호,서울특별시,동작구,신대방2동,831-1922,영어,0,0
BE_LiST22-0403,해뜨는약국,동작구 양녕로 281 1층,서울특별시,동작구,상도1동,816-3869,영어,126.949463946,37.504583207
BE_LiST22-0404,사당프라자약국,동작구 사당로 230-1 1층,서울특별시,동작구,사당4동,3474-4170,영어,126.973244428,37.4833055969
BE_LiST22-0405,한빛평화약국,동작구 시흥대로 668,서울특별시,동작구,신대방1동,848-4566,"영어,중국어",126.908562262,37.4909426226
BE_LiST22-0406,신대방약국,동작구 상도로 77,서울특별시,동작구,대방동,822-1344,영어,126.929228619,37.4998947959
BE_LiST22-0407,해가든약국,동작구 서달로150 해가든상가 202호,서울특별시,동작구,사당2동,821-8531,영어,126.962184012,37.5066278397
BE_LiST22-0408,큰사랑약국,동작구 상도로 47길 99-5,서울특별시,동작구,상도1동,826-8976,영어,126.951427983,37.5035316565
BE_LiST22-0409,열린약국,동작구 보라매로5길 23 지하1층 B117호,서울특별시,동작구,신대방2동,849-8250,영어,126.923608741,37.4925787267
BE_LiST22-0410,신세명약국,동작구 서달로 163,서울특별시,동작구,흑석동,812-0993,영어,126.962382436,37.507885706
BE_LiST22-0411,바다의별약국,동작구 상도로 172,서울특별시,동작구,상도2동,821-3130,영어,126.938163676,37.5041777858
BE_LiST22-0412,신중앙약국,동작구 흑석로 103,서울특별시,동작구,흑석동,822-0443,영어,126.960826171,37.507863576
BE_LiST22-0413,보라매조은약국,동작구 보라매로5길 23 지하1층 122호,서울특별시,동작구,신대방2동,833-9505,"영어, 중국어",126.923608741,37.4925787267
BE_LiST22-0414,금강약국,동작구 매봉로 178 B02호,서울특별시,동작구,노량진1동,817-1918,영어,126.952177917,37.5122176492
BE_LiST22-0415,엄마랑약국,동작구 장승배기로 107,서울특별시,동작구,노량진2동,813-1593,"영어, 일본어",126.939703843,37.5072383953
BE_LiST22-0416,친절한약국,동작구 사당로 224,서울특별시,동작구,사당4동,584-0072,영어,126.972547806,37.4837018808
BE_LiST22-0417,태평양약국,동작구 사당로 227,서울특별시,동작구,사당3동,3477-9477,영어,126.97319904,37.4837596949
BE_LiST22-0418,정다운약국,"동작구 만양로 19 311,312호",서울특별시,동작구,노량진1동,6267-7575,영어,0,0
BE_LiST22-0419,튼튼약국,신원로 16 (신림동),서울특별시,관악구,신원동,856-0528,영어,127.505938755,37.291689723
BE_LiST22-0420,오렌지약국,관악로 164 (봉천동),서울특별시,관악구,낙성대동,888-5887,영어,126.952876977,37.479738442
BE_LiST22-0421,봉천프라자약국,남부순환로 1734 (봉천동),서울특별시,관악구,청룡동,875-1711,영어,126.942772304,37.4819865023
BE_LiST22-0422,인제약국,원신2길 17 (신림동),서울특별시,관악구,삼성동,877-8597,영어,126.93272853,37.4711222436
BE_LiST22-0423,한미약국,호암로 535 (신림동),서울특별시,관악구,삼성동,878-7949,영어,126.931291328,37.4653693636
BE_LiST22-0424,봄내약국,신림로5길 31 (신림동),서울특별시,관악구,청룡동,882-8234,영어,0,0
BE_LiST22-0425,양생약국,남부순환로234길 27 (봉천동),서울특별시,관악구,낙성대동,872-9954,영어,126.956902796,37.4781433906
BE_LiST22-0426,브라운스톤약국,서초대로 334 (서초동.브라운스톤서초),서울특별시,서초구,서초1동,02-598-2545,영어,127.018292087,37.4947103649
BE_LiST22-0427,행복나눔약국,잠원로 24 (반포동) 반포자이프라자상가 4층,서울특별시,서초구,반포1동,02-533-3107,영어,127.009871399,37.507116419
BE_LiST22-0428,세계로약국,동작대로 38 (방배동),서울특별시,서초구,방배2동,02-3474-2599,영어,126.982163782,37.4798149694
BE_LiST22-0429,민경약국,강남대로 617 (잠원동) 대양빌딩 201호,서울특별시,서초구,잠원동,02-517-0072,영어,127.018890209,37.5168353552
BE_LiST22-0430,아라약국,서초대로77길 3 (서초동)아라타워 1층,서울특별시,서초구,서초4동,02-530-8575,영어,127.026502998,37.498060553
BE_LiST22-0431,녹십자약국,방배로 25길 4(방배동),서울특별시,서초구,방배4동,02-533-5287,"영어, 일본어",126.992550763,37.4888477902
BE_LiST22-0432,두리약국,사임당로 180 (서초동) 보원빌딩 201호,서울특별시,서초구,서초2동,02-583-9305,영어,128.866139674,37.7609545383
BE_LiST22-0485,로데오약국,"강남구 선릉로 823(신사동, 한양타운)",서울특별시,강남구,압구정동,540-4091,영어,127.039341499,37.5256349135
BE_LiST22-0262,수유상록수약국,"도봉로 328, 301호(번동, 가든타워빌딩)",서울특별시,강북구,번1동,02-900-7722,영어,0,0
BE_LiST22-0263,어약국,삼각산로 132(수유동),서울특별시,강북구,수유3동,02-902-5119,영어,127.019012209,37.6408553649
BE_LiST22-0264,에버그린약국,한천로 1000(번동),서울특별시,강북구,번1동,02-999-7101,영어,127.030314108,37.6379338117
BE_LiST22-0265,이원약국,삼양로 244(미아동),서울특별시,강북구,삼양동,02-946-1958,영어,127.018564153,37.6251422445
BE_LiST22-0266,인수약국,삼각산로 71(수유동),서울특별시,강북구,인수동,02-993-7378,영어,127.012281903,37.640124658
BE_LiST22-0267,정해약국,삼양로 516(수유동),서울특별시,강북구,수유2동,02-902-1442,영어,127.014146282,37.6490874379
BE_LiST22-0268,제일약국,도봉로 376(번동),서울특별시,강북구,번1동,02-592-4920,영어,127.028638232,37.6403813051
BE_LiST22-0269,지영약국,삼양로 423(수유동),서울특별시,강북구,인수동,02-902-1072,영어,127.016596682,37.6412521626
BE_LiST22-0270,한사랑온누리약국,인수봉로 142(수유동),서울특별시,강북구,수유1동,02-980-1214,영어,127.013821362,37.632332767
BE_LiST22-0271,햇살약국,도봉로 217(미아동),서울특별시,강북구,미아동,02-987-5159,영어,127.025162505,37.6280710308
BE_LiST22-0272,녹원당약국,"한천로105길 23, 101호(번동, 주공1단지상가)",서울특별시,강북구,번3동,02-989-8315,일어,0,0
BE_LiST22-0273,한양약국,삼양로87길 35(수유동),서울특별시,강북구,인수동,02-902-2470,일어,127.015716313,37.6358679973
BE_LiST22-0274,우리들약국,오현로 190(번동),서울특별시,강북구,번3동,02-981-7577,중국어,127.039409236,37.6284743784
BE_LiST22-0275,종로태평양약국,오패산로 130(미아동),서울특별시,강북구,송중동,02-985-0393,영어,127.034254754,37.6135304056
BE_LiST22-0276,메디팜건강,쌍문동 88-105,서울특별시,도봉구,쌍문3동,906-1800,영어,127.034674526,37.6491841004
BE_LiST22-0277,팜코리아,도봉1동 620-19,서울특별시,도봉구,도봉1동,955-7017,영어,127.043262279,37.6699362769
BE_LiST22-0278,대한,쌍문1동 503-1,서울특별시,도봉구,쌍문1동,999-7896,영어,127.013385931,37.6553691789
BE_LiST22-0279,영훈,창3동 557-5,서울특별시,도봉구,창3동,900-3943,영어,127.037687502,37.6378091528
BE_LiST22-0280,뉴지명,창3동 557-9,서울특별시,도봉구,창3동,993-2082,영어,127.038544511,37.6387278806
BE_LiST22-0281,신성,방학3동 271-4 신동아APT 중앙상가 111호,서울특별시,도봉구,방학3동,3491-0731,영어,127.026959178,37.659417673
BE_LiST22-0282,상록수온누리,방학2동 661-39 1층,서울특별시,도봉구,방학2동,954-2950,영어,127.035806358,37.6653077365
BE_LiST22-0283,광장,창4동 16번지 제일빌딩 101호,서울특별시,도봉구,창4동,990-6527,영어,127.051361564,37.6527747394
BE_LiST22-0284,혜민,도봉1동 603-7,서울특별시,도봉구,도봉1동,954-1653,영어,127.043278424,37.6743150324
BE_LiST22-0285,비타민,창1동 661-40 하나빌딩 1층,서울특별시,도봉구,창1동,902-4797,영어,127.035812521,37.6498252605
BE_LiST22-0286,후문,창1동 661-40 하나빌딩 1층,서울특별시,도봉구,창1동,995-8588,영어,127.035812521,37.6498252605
BE_LiST22-0287,건강제일녹십자약국,"쌍문2동 723 신원2차 103, 104호",서울특별시,도봉구,쌍문2동,906-1024,영어,127.035798465,37.6583125199
BE_LiST22-0288,종로세명약국,방학2동 668-5,서울특별시,도봉구,방학2동,3492-9963,영어,127.032536424,37.6625372662
BE_LiST22-0289,청수약국,방학2동635,서울특별시,도봉구,방학2동,3493-6912,영어,127.034501257,37.6665514788
BE_LiST22-0290,쌍문상록수약국,쌍문4동215-1 우진빌딩,서울특별시,강북구,우이동,990-0600,영어,127.032602662,37.6585044546
BE_LiST22-0291,이화약국,중계동 대호프라자 319호,서울특별시,노원구,중계본동,951-6102,"영어, 일본어",0,0
BE_LiST22-0292,나현약국,상계2동 176-103,서울특별시,노원구,상계2동,936-7718,영어 ,127.069627788,37.656448588
BE_LiST22-0293,신흥약국,하계동 180-22,서울특별시,노원구,하계1동,974-3414,중국어,127.070433108,37.6355921413
BE_LiST22-0294,평강상록수약국,상계8동 651-5 1층 103호,서울특별시,노원구,상계8동,935-6644,영어,127.056970012,37.6663805902
BE_LiST22-0295,유림약국,상계10동 1295 우방A상가 101호,서울특별시,노원구,상계1동,930-6858,영어,0,0
BE_LiST22-0296,마들소아약국,상계9동 649번지 상계주공단지상가 201호 ,서울특별시,노원구,상계9동,932-3900,영어,127.057903649,37.6659981198
BE_LiST22-0297,푸른바다약국,"월계동 46-1 인현빌딩 106호,107호",서울특별시,노원구,월계1동,941-3838,영어,127.065131317,37.6152833411
BE_LiST22-0298,서경약국,상계5동451번지 한신2차상가 202호,서울특별시,노원구,상계5동,933-0747,영어,127.068044287,37.6647781839
BE_LiST22-0299,참약국,하계2동 271-3 벽산아파트상가동 206-1,서울특별시,노원구,하계2동,979-2204,영어,127.064242554,37.6354443089
BE_LiST22-0300,마들한중약국,상계8동 651-7 합동빌딩 203호,서울특별시,노원구,상계8동,937-3393,영어,127.057299983,37.6650974339
BE_LiST22-0301,메디팜건강약국,수색로270-1(수색동),서울특별시,은평구,신사1동,372-9791,영어,126.894524475,37.5829050122
BE_LiST22-0302,선우약국,은평로56(신사동),서울특별시,은평구,신사1동,302-5583,영어,126.914101746,37.5985332709
BE_LiST22-0303,성환약국,진흥로1길23(역촌동),서울특별시,은평구,역촌동,355-8374,영어,126.918418538,37.6025547514
BE_LiST22-0304,소원약국,수색로256(수색동),서울특별시,은평구,수색동,372-6474,영어,126.896277949,37.582250643
BE_LiST22-0305,신수색태평양약국,"수색로250, 1층(수색동)",서울특별시,은평구,수색동,307-7579,영어,126.896350881,37.5819083297
BE_LiST22-0306,온누리새소망약국,"은평터널로65(수색동,대림숲타운상가)",서울특별시,은평구,수색동,309-3771,영어,126.899228816,37.5869095299
BE_LiST22-0307,유진약국,서오릉로162(갈현동),서울특별시,은평구,갈현2동,384-8877,영어,126.915358364,37.6128166676
BE_LiST22-0308,참사랑약국,응암로323(응암동),서울특별시,은평구,응암1동,356-7676,영어,126.92185459,37.6001892737
BE_LiST22-0309,최 약 국,응암로4길27-1(응암동),서울특별시,은평구,수색동,302-7121,일어,126.917325593,37.5873236329
BE_LiST22-0310,온누리솔빛약국,갈현로107(역촌동),서울특별시,은평구,역촌동,355-8224,중국어,126.910585204,37.6074540651
BE_LiST22-0311,유정약국,연서로258(불광동),서울특별시,은평구,불광2동,355-6270,중국어,126.923338295,37.6198101852
BE_LiST22-0312,연희위드팜약국,서대문구 신촌로 75 (창천동),서울특별시,서대문구,신촌동,02-312-6949,"영어, 일본어",126.934942873,37.5560881506
BE_LiST22-0313,독수리약국,"서대문구 연세로 36, 1층 (창천동)",서울특별시,서대문구,신촌동,02-3147-0770,영어,126.937240313,37.5587851777
BE_LiST22-0314,대학약국,서대문구 연세로 37-1 (창천동),서울특별시,서대문구,신촌동,02-323-0111,영어,126.936746621,37.5590624214
BE_LiST22-0315,한사랑온누리약국,"서대문구 신촌로 183, 지하1층 (대현동, 유인빌딩)",서울특별시,서대문구,신촌동,02-364-5455,영어,126.946322977,37.5570705537
BE_LiST22-0316,정문약국,서대문구 연세로 41 (창천동),서울특별시,서대문구,신촌동,02-324-4652,영어,126.93676458,37.5592390264
BE_LiST22-0317,위드팜신촌약국,서대문구 성산로 486 (대신동),서울특별시,서대문구,신촌동,02-312-5103,"영어, 일본어",126.941267937,37.5607297992
BE_LiST22-0318,세연약국,"서대문구 연세로 50, 1층 (신촌동, 연대동문회관)",서울특별시,서대문구,신촌동,02-364-6141,영어,126.942931621,37.5638048151
BE_LiST22-0319,홍제봄약국,"서대문구 통일로39가길 29, 1층 (홍제동)",서울특별시,서대문구,홍제1동,02-394-3599,영어,126.942631442,37.5891982931
BE_LiST22-0486,봄약국,"강남구 압구정로29길 72-1(압구정동, 신사시장 A동 109호)",서울특별시,강남구,압구정동,543-2251,영어,127.028402252,37.5322874431
BE_LiST22-0487,일번지약국,"강남구 강남대로84길 23(역삼동, 한라클래식)",서울특별시,강남구,역삼1동,567-2501,영어,127.030383756,37.49712978
BE_LiST22-0488,참좋은선약국,"강남구 논현로 507(역삼동, 성지하이츠3차 지하1층7호)",서울특별시,강남구,역삼1동,3453-3501,영어,127.036157775,37.5015791243
BE_LiST22-0489,아톰약국,강남구 테헤란로 103(역삼동),서울특별시,강남구,역삼1동,562-6575,영어,127.028344245,37.4985791052
BE_LiST22-0490,삼성하나약국,강남구 테헤란로 509(삼성동),서울특별시,강남구,삼성1동,569-4130,영어,127.05820648,37.5077800464
BE_LiST22-0491,역삼다인약국,강남구 논현로 521-3(역삼동),서울특별시,강남구,역삼1동,3453-3589,영어,127.035470745,37.5027830763
BE_LiST22-0492,온누리기쁜약국,강남구 봉은사로30길 17(역삼동),서울특별시,강남구,역삼1동,566-0027,"일어,영어",127.035467984,37.5065096354
BE_LiST22-0493,다래약국,"강남구 논현로 508(역삼동, GS강남타워 지하1층)",서울특별시,강남구,역삼1동,567-9361,영어,127.037338661,37.5019932197
BE_LiST22-0494,온누리해림약국,"강남구 테헤란로 152(역삼동, 스타타워빌딩내 아케이드 지하2층)",서울특별시,강남구,역삼1동,2112-2911,영어,127.036509865,37.5000256818
BE_LiST22-0495,신혜성약국,"강남구 논현로 409(역삼동, 백남빌딩)",서울특별시,강남구,역삼1동,558-6338~9,영어,127.038597959,37.4965219054
BE_LiST22-0496,아름다운우리약국,강남구 논현로 327(역삼동),서울특별시,강남구,역삼1동,564-7582,영어,127.039605582,37.4944600684
BE_LiST22-0497,웰약국,"강남구 강남대로 432(역삼동, 점프밀라노)",서울특별시,강남구,역삼1동,6440-5656,영어,127.026630783,37.50123567
BE_LiST22-0498,더블유스토어강남씨티약국,강남구 강남대로 416(역삼동),서울특별시,강남구,역삼1동,553-1608,영어,127.02715953,37.499797544
BE_LiST22-0499,큰길약국,"강남구 강남대로 370(역삼동, 삼아빌딩 지하1층)",서울특별시,강남구,역삼1동,553-1517,영어,127.029220745,37.495861456
BE_LiST22-0500,목화약국,강남구 양재대로55길 11(일원동),서울특별시,강남구,일원1동,2226-2268,영어,127.087666215,37.4915329381
BE_LiST22-0501,일원역약국,"강남구 일원로 지하 121(일원본동, 일원역구내 348-1호)",서울특별시,강남구,일원본동,02-451-8233,영어,127.08445096,37.4840749361
BE_LiST22-0502,열린약국,"강남구 일원로 95(일원본동, 신영프라자)",서울특별시,강남구,일원본동,"3411-1007,1009","일어,영어",127.083525673,37.485737053
BE_LiST22-0503,새생명약국,강남구 도산대로 522(청담동),서울특별시,강남구,청담동,512-3389,영어,127.050164705,37.5242757049
BE_LiST22-0504,영지약국,강남구 도산대로92길 6(청담동),서울특별시,강남구,청담동,547-3443,영어,127.050291268,37.5240702226
BE_LiST22-0505,건영약국,"강남구 선릉로 806(청담동, 지하1층)",서울특별시,강남구,청담동,541-7378,영어,127.03964376,37.523890472
BE_LiST22-0506,가까운이화약국,"송파구 올림픽로43길 30, 지층(풍납동, 우성상가)",서울특별시,송파구,풍납2동,489-4383,"영어, 중국어, 일어",127.114748976,37.5260866786
BE_LiST22-0507,강남대학약국,송파구 강동대로 57(풍납동),서울특별시,송파구,풍납2동,473-0111,영어,127.113945457,37.5273740869
BE_LiST22-0508,남매약국,송파구 오금로64길 4(거여동),서울특별시,송파구,거여2동,407-8774,영어,127.14731396,37.4925512233
BE_LiST22-0509,다사랑약국,송파구 올림픽로43길 26(풍납동),서울특별시,송파구,풍납2동,477-2590,영어,127.114991891,37.5251457966
BE_LiST22-0510,새독일약국,송파대로 372(송파동),서울특별시,송파구,송파2동,423-9455,영어,127.111390412,37.5011284903
BE_LiST22-0511,이화약산온누리약국,송파구 가락로 211(송파동),서울특별시,송파구,송파1동,419-2755,영어,127.116276748,37.5074740649
BE_LiST22-0512,지앤미약국,송파구 동남로 215(가락동),서울특별시,송파구,가락2동,402-0612,"영어, 일어",127.131553422,37.4965991247
BE_LiST22-0513,지용약국,송파구 백제고분로48길 27(방이동),서울특별시,송파구,방이2동,415-2336,"영어, 일어",127.116083048,37.5109341116
BE_LiST22-0514,한독약국,"송파구 중대로 80, 3층(문정동, 롯데마트)",서울특별시,송파구,문정2동,409-3559,독일어,127.117844514,37.4917625761
BE_LiST22-0515,가장큰현대아산약국,송파구 강동대로 67(풍납동),서울특별시,송파구,풍납2동,488-4214,영어,127.115071724,37.5270378223
BE_LiST22-0516,훼미리약국,"송파구 중대로 68, 106호(문정동, 샤르망빌딩)",서울특별시,송파구,문정2동,400-2112,영어,0,0
BE_LiST22-0517,그랜드약국,송파구 마천로 35(방이동),서울특별시,송파구,방이1동,418-5662,영어,127.124870964,37.5093213613
BE_LiST22-0518,메디슨약국,"송파구 송이로 111, 1층(가락동, 청석빌딩)",서울특별시,송파구,가락본동,443-7789,영어,127.122149502,37.496710135
BE_LiST22-0519,첨소망약국,"송파구 양재대로 1222, 올림픽프라자상가 315호(방이동)",서울특별시,송파구,오륜동,408-3393,영어,127.131062144,37.5157261957
BE_LiST22-0520,왕약국,송파구 백제고분로 261(삼전동),서울특별시,송파구,삼전동,2202-5941,영어,127.095532529,37.5027281486
BE_LiST22-0521,대동약국,송파구 가락로 175(송파동),서울특별시,송파구,송파1동,418-6551,영어,127.114317768,37.5044594131
BE_LiST22-0522,상일약국,"송파구 올림픽로35가길 11, 110호(신천동, 한신잠실코아)",서울특별시,송파구,잠실6동,414-0185,일본어,0,0
BE_LiST22-0523,옵티마리오약국,"송파구 올림픽로 435, A동 416호(신천동, 파크리오상가A동)",서울특별시,송파구,잠실4동,413-8205,영어,127.104972539,37.5213601057
BE_LiST22-0524,시티약국,송파구 올림픽로 116(잠실동),서울특별시,송파구,잠실본동,3431-4115,영어,127.083490871,37.5113544829
BE_LiST22-0525,봄약국,송파구 풍성로 55(풍납동),서울특별시,송파구,풍납1동,474-3118,영어,127.118671198,37.5339683637
BE_LiST22-0526,우리온누리약국,"송파구 석촌호수로 61, 411호(잠실동, 트리지움상가)",서울특별시,송파구,잠실3동,412-5632,"영어, 중국어",0,0
BE_LiST22-0527,편한대영약국,송파구 강동대로 76(풍납동),서울특별시,송파구,풍납2동,485-9100,일어,127.115477731,37.5262193166
BE_LiST22-0528,신아산약국,송파구 강동대로7길 4(풍납동),서울특별시,송파구,풍납2동,596-1136,영어,127.11553772,37.5269724952
BE_LiST22-0529,밝은중앙약국,송파구 강동대로 73(풍납동),서울특별시,송파구,풍납2동,482-2621,영어,127.115618851,37.5267633835
BE_LiST22-0530,나루역사거리현대약국,"송파구 올림픽로 435, A동 163, 164호(신천동, 파크리오상가A동)",서울특별시,송파구,잠실4동,487-1218,영어,127.104972539,37.5213601057
BE_LiST22-0531,올리브약국,송파구 강동대로7길 3(풍납동),서울특별시,송파구,풍납2동,477-0969,영어,127.115343347,37.5271096375
BE_LiST22-0532,아산메디칼약국,송파구 강동대로 61(풍납동),서울특별시,송파구,풍납2동,488-8575,영어,127.114284689,37.5272692429
BE_LiST22-0533,튼튼온누리약국,"강동구 올림픽로 746, 1층(천호동)",서울특별시,강동구,천호2동,486-1380,영어,127.126980915,37.5476981586
BE_LiST22-0534,길동중앙약국,강동구 천호대로187길 53(길동),서울특별시,강동구,길동,484-7747,영어,127.142788831,37.5366230419
BE_LiST22-0260,번동종로약국,"오현로34길 23-4, 104호(번동)",서울특별시,강북구,번3동,02-981-2030,영어,127.039952718,37.6279480196
BE_LiST22-0261,세계로약국,도봉로 253(수유동),서울특별시,강북구,수유1동,02-985-0503,영어,127.023989838,37.6310229061
BE_LiST22-0433,늘푸른약국,반포대로 114 (서초동 SR 타워) 지하1층 103호,서울특별시,서초구,서초3동,02-597-4425,영어,127.008729411,37.4904803285
BE_LiST22-0434,다나약국,효령로 229 (서초동),서울특별시,서초구,서초3동,02-597-3514,영어,127.009104019,37.4838741089
BE_LiST22-0435,양재팜24약국,남부순환로 2575(서초동) 신방빌딩,서울특별시,서초구,서초2동,02-581-8224,영어,127.032237494,37.4846016806
BE_LiST22-0436,신오약국,강남대로61길 7 (서초동),서울특별시,서초구,서초4동,02-3482-3562,영어,127.025946948,37.4990337633
BE_LiST22-0437,킴스약국,잠원로 69 (잠원동) 킴스클럽1층,서울특별시,서초구,반포3동,02-537-5716,영어,127.007193446,37.5098628752
BE_LiST22-0438,강남메디칼약국,방배로 174 (방배동),서울특별시,서초구,방배4동,02-594-0801,영어,126.993061822,37.4891829962
BE_LiST22-0439,하나로약국,청계산로 10 (양재동) 농협하나로클럽 1층,서울특별시,서초구,양재2동,02-578-4955,영어,127.043531737,37.4632297048
BE_LiST22-0440,금화약국 ,반포대로 287 (반포동) 래미안퍼스티지중심상가 125호,서울특별시,서초구,반포2동,02-842-4484,영어,127.000809769,37.5043993969
BE_LiST22-0441,서초삼성약국,"서초대로 74길 23(서초동, 서초타운트라팰리스) 102호",서울특별시,서초구,서초2동,02-3474-0617,영어,127.027090165,37.4956132859
BE_LiST22-0442,스타약국,강남대로 437 (서초동) ,서울특별시,서초구,서초4동,02-3481-6688,영어,127.025513482,37.5013620574
BE_LiST22-0443,사당13번약국,방배천로 5-3 (방배동) 도양빌딩,서울특별시,서초구,방배2동,02-585-2113,"영어, 일본어",126.982259405,37.4770506869
BE_LiST22-0444,씨티약국,방배로 107 (방배동) ,서울특별시,서초구,방배1동,02-581-0075,일본어,126.996042738,37.4834274932
BE_LiST22-0445,굿모닝약국,신반포로 176 (반포동) 센트럴시티 1층,서울특별시,서초구,반포4동,02-6282-1213,영어,127.002411197,37.5039344562
BE_LiST22-0446,다사랑약국,서초대로74길 11 (서초동) 지하2층,서울특별시,서초구,서초2동,02-581-5773,중국어,127.026914121,37.4966332658
BE_LiST22-0447,신우성약국,잠원동4길 54 (잠원동.매일종합상가) 309호,서울특별시,서초구,서초2동,02-536-3174,영어,0,0
BE_LiST22-0448,교대사랑약국,서초대로 341(서초동),서울특별시,서초구,서초4동,02-3477-0312,영어,127.018712946,37.495492373
BE_LiST22-0449,포인트약국,"강남구 도산대로 116(논현동, 논현빌딩)",서울특별시,강남구,논현1동,547-3196,영어,127.021514411,37.5166042495
BE_LiST22-0450,소망온누리약국,"강남구 학동로 315(논현동, 소망빌딩)",서울특별시,강남구,논현2동,534-1287,영어,127.037671574,37.5163335044
BE_LiST22-0451,메디팜미래약국,강남구 강남대로 506(논현동),서울특별시,강남구,논현1동,547-4340,영어,127.023497844,37.5074821044
BE_LiST22-0452,미플러스약국,"강남구 강남대로 598(논현동, 보림빌딩 지하1층)",서울특별시,강남구,논현1동,517-2513,영어,127.020364783,37.5151952835
BE_LiST22-0453,파낙스약국,강남구 논현로 629(논현동),서울특별시,강남구,논현1동,518-8766,중국어,127.032415696,37.5097397138
BE_LiST22-0454,제일그랜드약국,강남구 강남대로 478(논현동),서울특별시,강남구,논현1동,546-0093,영어,127.024668788,37.5051068161
BE_LiST22-0455,민생약국,강남구 언주로125길 6(논현동),서울특별시,강남구,논현2동,547-7903,중국어,127.034760833,37.5132241316
BE_LiST22-0456,서울메디약국,강남구 역삼로 406(대치동),서울특별시,강남구,대치4동,501-5063,영어,127.051664282,37.5006110861
BE_LiST22-0457,동성약국,"강남구 삼성로 212(대치동, 은마상가 A-180호)",서울특별시,강남구,대치2동,566-3728,영어,127.065917338,37.4996164902
BE_LiST22-0458,온누리구인당약국,강남구 남부순환로 3032(한보미도종합상가 110호),서울특별시,강남구,대치2동,552-5550,영어,0,0
BE_LiST22-0459,화일약국,강남구 선릉로 328(대치동),서울특별시,강남구,대치4동,"362-8631,2",영어,127.051898418,37.4990324208
BE_LiST22-0460,강남보선약국,"강남구 도곡로 516(대치동, 삼성상가 107호)",서울특별시,강남구,대치2동,568-2310,영어,127.062990229,37.4991820003
BE_LiST22-0461,한티약국,"강남구 선릉로 225(도곡동, 도곡렉슬상가 지하1층 133호)",서울특별시,강남구,도곡2동,574-2575,영어,127.052723648,37.4953703652
BE_LiST22-0462,사랑플러스약국,"강남구 선릉로 225(도곡동, 도곡렉슬상가 313호)",서울특별시,강남구,도곡2동,2058-2745,영어,127.052723648,37.4953703652
BE_LiST22-0463,연우약국,"강남구 도곡로 242(도곡동, 삼호상가 102호)",서울특별시,강남구,도곡1동,557-8672,영어,127.046579974,37.4937186987
BE_LiST22-0464,강남조은약국,"강남구 남부순환로 2633(도곡동, 호림빌딩)",서울특별시,강남구,도곡1동,571-9515,영어,127.03777361,37.4853676995
BE_LiST22-0465,참좋은약국,"강남구 테헤란로87길 17(삼성동, 마젤란21상가 103호)",서울특별시,강남구,삼성1동,508-1363,영어,127.05834295,37.5087422522
BE_LiST22-0466,삼성건강약국,강남구 삼성로 670(삼성동),서울특별시,강남구,개포2동,517-3520,영어,0,0
BE_LiST22-0467,팜메이트선능수정약국,강남구 선릉로 510(삼성동),서울특별시,강남구,삼성2동,558-8025,영어,127.048948562,37.5051713309
BE_LiST22-0468,강남우리온누리약국,"강남구 테헤란로 403(삼성동, 리치타워빌딩)",서울특별시,강남구,삼성2동,572-1452,영어,127.049509468,37.5050846006
BE_LiST22-0469,삼성일신약국,강남구 테헤란로 421(삼성동),서울특별시,강남구,삼성2동,538-1018,영어,127.052532061,37.5059879043
BE_LiST22-0470,소망약국,"강남구 테헤란로87길 13(삼성동, 서영빌딩)",서울특별시,강남구,삼성1동,555-6806,영어,127.058591692,37.5086340085
BE_LiST22-0471,옵티마대영약국,"강남구 삼성로 642(삼성동, 삼성빌딩)",서울특별시,강남구,삼성1동,514-7850,영어,127.051322934,37.5174023576
BE_LiST22-0472,수서약국,"강남구 광평로56길 11(수서동, 도시개발(아)6단지상가 109호)",서울특별시,강남구,수서동,459-2293,중국어,127.105631377,37.4879790846
BE_LiST22-0473,코스모스약국,"강남구 강남대로 626(신사동, 뮤직메트로빌딩)",서울특별시,강남구,신사동,515-3555,영어,127.019501256,37.5177038233
BE_LiST22-0474,가나안약국,강남구 도산대로 113(신사동),서울특별시,강남구,신사동,549-8774,영어,127.020849411,37.5170152264
BE_LiST22-0475,태양약국,"강남구 압구정로 150(신사동, 신운빌딩)",서울특별시,강남구,신사동,3442-4492,영어,127.025336122,37.5253576357
BE_LiST22-0476,압구정미약국,강남구 논현로175길 25(신사동),서울특별시,강남구,신사동,548-0085,영어,127.026648433,37.5254366351
BE_LiST22-0477,압구정온누리약국,"강남구 압구정로 164(신사동, 아세아빌딩)",서울특별시,강남구,신사동,514-0777,영어,127.027648889,37.5265320237
BE_LiST22-0478,압구정프라자온누리약국,"강남구 논현로 857(신사동, 계룡빌딩)",서울특별시,강남구,신사동,511-3801,영어,127.028100963,37.5253461982
BE_LiST22-0479,비원약국,"강남구 논현로 824, 1층 일부(신사동)",서울특별시,강남구,압구정동,541-6939,영어,127.028543146,37.5219907589
BE_LiST22-0480,메디팜압구정약국,"강남구 논현로160길 13(신사동, 명진빌딩)",서울특별시,강남구,압구정동,547-7585,영어,127.029104534,37.5227618802
BE_LiST22-0481,하나약국,"강남구 압구정로 224(신사동, 우미빌딩 207호)",서울특별시,강남구,압구정동,543-6650,영어,127.032147796,37.528563545
BE_LiST22-0482,예스약국,"강남구 언주로 865(신사동, 태승빌딩)",서울특별시,강남구,압구정동,3445-8214,영어,127.033224465,37.5277631574
BE_LiST22-0483,압구정늘푸른약국,"강남구 압구정로 306(신사동, 반도상가 )",서울특별시,강남구,압구정동,516-8753,영어,127.034754509,37.5288547312
BE_LiST22-0484,압구정약국,강남구 선릉로 845(신사동),서울특별시,강남구,압구정동,543-0701,영어,127.040333557,37.5275915552
BE_LiST22-0320,산들약국,서대문구 통일로 356 (홍제동),서울특별시,서대문구,홍제2동,02-723-9887,영어,126.950684059,37.5821886032
BE_LiST22-0321,서울솔약국,서대문구 통일로 452 (홍제동),서울특별시,서대문구,홍제3동,02-998-9310,영어,126.944039988,37.5891521177
BE_LiST22-0322,한미약국,서대문구 수색로 30 (남가좌동),서울특별시,서대문구,남가좌1동,02-375-3548,중국어,126.915285298,37.569374388
BE_LiST22-0323,연희종로약국,서대문구 연희로 109 (연희동),서울특별시,서대문구,연희동,02-3141-4040,영어,126.931373938,37.5677918765
BE_LiST22-0324,푸른약국,서대문구 거북골로 67 (남가좌동),서울특별시,서대문구,남가좌2동,02-373-0547,영어,126.921162897,37.5774477676
BE_LiST22-0325,일심약국,서대문구 연세로 42 (창천동),서울특별시,서대문구,신촌동,02-392-3333,영어,126.937122223,37.5592428214
BE_LiST22-0326,마리약국,"마포대로 109, 2층(공덕동, 롯데시티호텔)",서울특별시,마포구,아현동,6009-1166,"영어, 일어",126.950885015,37.5451180951
BE_LiST22-0327,옵티마강화약국,"서강로 137, 101호(노고산동)",서울특별시,마포구,서교동,337-6969,영어,0,0
BE_LiST22-0328,다나약국,"대흥로 186-2, 1층(대흥동)",서울특별시,마포구,대흥동,715-3133,"영어, 중국어",127.146985053,36.8045534896
BE_LiST22-0329,비타민약국,"백범로 90, 1층(대흥동, 동보빌딩)",서울특별시,마포구,대흥동,713-6563,영어,126.941531533,37.5478420589
BE_LiST22-0330,서광타워약국,"대흥로 182, 1층(대흥동)",서울특별시,마포구,대흥동,701-2141,영어,127.431877047,36.3252786117
BE_LiST22-0331,마포종로약국,"월드컵로 73, 1층(망원동)",서울특별시,마포구,망원1동,336-3496,영어,128.683651919,35.8360501849
BE_LiST22-0332,태평양약국,"홍익로 1, 1층(서교동)",서울특별시,마포구,서교동,322-8344,영어,126.924009005,37.5528416325
BE_LiST22-0333,우대약국,"만리재로 27, 1층(신공덕동)",서울특별시,마포구,공덕동,718-4897,영어,126.954279984,37.5447302267
BE_LiST22-0334,즐거운약국,"큰우물로 53, 106호(염리동, 마포네이버타운)",서울특별시,마포구,염리동,714-7588,영어,0,0
BE_LiST22-0335,메디팜신마포약국,"창전로 45, 103동 108호(창전동, 서강한화오벨리스크 단지내 상가)",서울특별시,마포구,서강동,324-4625,"영어, 중국어",126.932004194,37.5468638784
BE_LiST22-0336,신촌세민약국,"신촌로 78, 1층(노고산동)",서울특별시,마포구,서교동,323-0900,중국어,128.628105529,35.202740821
BE_LiST22-0337,현대메디칼약국,목1동 916 현대백화점 지하2층,서울특별시,양천구,목1동,2163~3968,영어,126.875036463,37.5268547779
BE_LiST22-0338,예인약국,신월7동 921-1,서울특별시,양천구,신월7동,2693~4373,영어,126.832952037,37.5228167209
BE_LiST22-0339,월드약국,목5동 907 현대월드타워상가1층,서울특별시,양천구,목5동,6678~2244,영어,126.878039905,37.5359868576
BE_LiST22-0340,가까운온누리,신정6동 321-6 센트럴프라자B(106),서울특별시,양천구,신정6동,2650-8828,영어,126.865496037,37.5174955003
BE_LiST22-0341,내외,신월4동 544-9,서울특별시,양천구,신월4동,2697-5065,영어,126.841789746,37.5183094636
BE_LiST22-0342,대우실로암,신월5동 18-4,서울특별시,양천구,신월5동,2602-6489,영어,126.83105885,37.5416521398
BE_LiST22-0343,마트온누리,목1동 962 목동트라팰리스(지하101),서울특별시,양천구,목1동,2651-3467,영어,126.870381516,37.5259956114
BE_LiST22-0344,메디팜삼성,목동917-7 홈플러스목동점(지하1층),서울특별시,양천구,목1동,2643-9685,영어,0,0
BE_LiST22-0345,문화,신월7동 986-4,서울특별시,양천구,신월7동,2602-5602,영어,126.835775738,37.5186292197
BE_LiST22-0346,수정,신정3동 1031-1,서울특별시,양천구,신정3동,2644-3395,영어,126.852892868,37.5208466208
BE_LiST22-0347,신월시장,신월1동 115-11,서울특별시,양천구,신월1동,2602-7613,영어,126.836679189,37.5317670716
BE_LiST22-0348,예인,신월7동 921-1,서울특별시,양천구,신월7동,2692-4373,영어,126.832952037,37.5228167209
BE_LiST22-0349,오렌지라임,신정4동 899-7,서울특별시,양천구,신정4동,2601-8557,영어,126.863779606,37.5283271807
BE_LiST22-0350,월드,목5동 907 현대월드타워상가(1층),서울특별시,양천구,목5동,6678-2244,영어,126.878039905,37.5359868576
BE_LiST22-0351,은혜,신정4동 908-15,서울특별시,양천구,신정4동,2698-1635,영어,126.858861165,37.5256328175
BE_LiST22-0352,제민,신월1동 229-3,서울특별시,양천구,신월1동,2603-3918,영어,126.836752727,37.5291722918
BE_LiST22-0353,청송온누리,목4동 739-1,서울특별시,양천구,목4동,2651-5319,영어,126.866339703,37.5391529218
BE_LiST22-0354,강서연세약국,화곡로 346  (화곡동),서울특별시,강서구,화곡6동,2606-1531,영어,126.852020938,37.55451048
BE_LiST22-0355,대현온누리약국,양천로 556  (등촌동) ,서울특별시,강서구,등촌1동,2668-2525,영어,126.860729041,37.557804305
BE_LiST22-0356,바이엘약국,화곡로 110 (화곡동),서울특별시,강서구,화곡1동,2607-0217,영어,126.8341408,37.539753599
BE_LiST22-0357,한빛약국,강서로62길 98  (등촌동),서울특별시,강서구,등촌3동,2658-7371,영어,126.845016558,37.5616986529
BE_LiST22-0358,부영약국,"강서로56나길 110  (등촌동, 부영아파트) ",서울특별시,강서구,등촌3동,3663-1809,영어,126.842839633,37.5635157864
BE_LiST22-0359,가양종로약국,양천로 460  (등촌동) ,서울특별시,강서구,등촌3동,2659-2356,영어,126.851701632,37.562586611
BE_LiST22-0360,연수당약국,강서로18길 26  (화곡동),서울특별시,강서구,화곡8동,2694-7582,영어,126.847151416,37.5338750142
BE_LiST22-0361,우리온누리약국,가로공원로76길 100  (화곡동),서울특별시,강서구,화곡1동,2692-7020,영어,126.838835581,37.5328224023
BE_LiST22-0362,21C세계로약국,화곡로 173  (화곡동) ,서울특별시,강서구,우장산동,2607-0624,영어/일어,126.840752905,37.5420476341
BE_LiST22-0363,제일메디칼약국,가로공원로 187  (화곡동),서울특별시,강서구,화곡1동,6402-3579,영어,126.83669868,37.5373569018
BE_LiST22-0364,국제공항약국,하늘길 38 (방화동),서울특별시,강서구,방화2동,2664-1350,일본어,126.803284874,37.569914836
BE_LiST22-0365,태평양약국,등촌로 41  (화곡동) ,서울특별시,강서구,화곡4동,2652-7214,영어,126.863353471,37.5337038607
BE_LiST22-0366,솔약국,양천로 564 (등촌동),서울특별시,강서구,등촌1동,3662-8899,영어,126.861332469,37.557087822
BE_LiST22-0367,예성약국,강서로 143  (화곡동),서울특별시,강서구,화곡1동,2699-9513,영어/일어,126.841563722,37.5396052155
BE_LiST22-0368,청와약국,구로구 디지털로27길 109 (가리봉동 89-163),서울특별시,구로구,가리봉동,855-1482,"중국어, 영어",126.888010055,37.484567419
BE_LiST22-0369,좋은약국,구로구 경인로40길 34 (개봉동 173-1),서울특별시,구로구,개봉1동,2615-6999,"중국어, 영어",126.858805,37.4953986667
BE_LiST22-0370,태영프라자약국,구로구 경인로59길 8 태영프라자 108호 (신도림동 437-1),서울특별시,구로구,신도림동,2068-5733,영어,126.883426348,37.5063925667
BE_LiST22-0371,열린약국,구로구 고척로 142-1 (고척동 253-194),서울특별시,구로구,고척2동,2625-6040,영어,126.84983887,37.5026461104
BE_LiST22-0372,구로프라자약국,구로구 개봉로 28 (개봉동 403-162),서울특별시,구로구,개봉3동,2613-6044,영어,126.856507304,37.4882310934
BE_LiST22-0373,한마을약국,구로구 경인로 382 한마을아파트상가 1-110호 (개봉동 476),서울특별시,구로구,개봉1동,2613-3006,영어,126.863082266,37.4963731839
BE_LiST22-0374,훼미리약국,구로구 고척로 139 (고척동 253-116),서울특별시,구로구,고척2동,2683-3785,영어,126.849282198,37.5027715422
BE_LiST22-0028,인제약국,종로 194 (종로4가),서울특별시,종로구,종로1.2.3.4가동,2266-4312,"영어,일어",126.999171403,37.5706337373
BE_LiST22-0029,정문약국,창경궁로 162-2 (원남동),서울특별시,종로구,종로1.2.3.4가동,765-7200,"영어,일어,중국어",126.997686073,37.5768902257
BE_LiST22-0030,제신약국,"종로 266, D동 (종로6가)",서울특별시,종로구,종로5.6가동,2279-7388,영어,127.007330602,37.5707055922
BE_LiST22-0031,종근당약국,종로 230-1 (종로5가),서울특별시,종로구,종로5.6가동,2274-1311,"영어,일어",127.003296284,37.5707814574
BE_LiST22-0032,종로백제약국,종로 235 (종로5가),서울특별시,종로구,종로5.6가동,745-8492,영어,127.003989072,37.5712607655
BE_LiST22-0033,종로프라자약국,자하문로 63 (옥인동),서울특별시,종로구,청운효자동,736-0806,영어,126.970591814,37.5815861699
BE_LiST22-0034,충신약국,율곡로 259 (충신동),서울특별시,종로구,종로5.6가동,762-9909,영어,127.006814727,37.574006869
BE_LiST22-0035,한독약국,동숭길 52 (동숭동),서울특별시,종로구,이화동,762-4636,영어,127.004437886,37.5805770328
BE_LiST22-0036,함춘약국,대학로 93 (연건동),서울특별시,종로구,이화동,741-0370,영어,128.610002538,35.8934603119
BE_LiST22-0037,세계약국,"남대문로 67,명동지하상가바-2 (남대문로2가)",서울특별시,중구,소공동,776-8000,"영어, 일본어, 중국어",126.981532651,37.5634855966
BE_LiST22-0038,서울약국,세종대로21길 63 (태평로1가),서울특별시,중구,명동,737-2636,영어,126.975817213,37.5691572349
BE_LiST22-0039,백조약국,세종대로21길 61 (태평로1가),서울특별시,중구,명동,738-8808,"영어, 일본어, 중국어",126.975885141,37.569121209
BE_LiST22-0040,인우약국,중구 중림로 21 (중림동),서울특별시,중구,중림동,392-7291,영어,126.966069025,37.5589807856
BE_LiST22-0041,남시약국,남대문로 18 (남대문로3가),서울특별시,중구,소공동,753-7466,"영어, 일본어",126.977744009,37.5607675375
BE_LiST22-0042,희구약국,남대문시장4길 35 (남창동),서울특별시,중구,회현동,752-0229,영어,126.977341759,37.5585329885
BE_LiST22-0043,새삼성약국,남대문로 16-1 (남대문로4가),서울특별시,중구,소공동,756-3301,엉어,126.977612719,37.5607639087
BE_LiST22-0044,서울왕약국,남대문로 22 (남대문로3가),서울특별시,중구,소공동,3789-7048,"영어, 일본어",126.978151438,37.5608469013
BE_LiST22-0045,남산우리약국,"소공로 35, 102호(회현동1가, 남산롯데캐슬아이리스)",서울특별시,중구,회현동,3789-7582,"영어, 중국어",0,0
BE_LiST22-0046,대우사약국,세종대로 22 (남대문로5가),서울특별시,중구,회현동,753-2703,영어,126.974290481,37.5585287595
BE_LiST22-0047,신우신약국,세종대로 12 (남대문로5가),서울특별시,중구,회현동,752-9086,영어,126.97371578,37.5578366671
BE_LiST22-0048,센츄럴팜약국,"한강대로 405 (봉래동2가, 경부고속철도서울민자역사)",서울특별시,용산구,남영동,393-5505,"영어, 일본어",126.969524971,37.5547290204
BE_LiST22-0049,새원약국,명동길 52 (명동2가),서울특별시,중구,명동,776-4476,"영어, 일본어, 중국어",129.167515641,35.3978586556
BE_LiST22-0050,연합약국,퇴계로 120 (남산동1가),서울특별시,중구,명동,778-3451,"영어, 일본어, 중국어",126.985078201,37.5605776809
BE_LiST22-0051,새충무약국,명동8가길 11 (충무로2가),서울특별시,중구,명동,776-4820,영어,126.985666497,37.5618643771
BE_LiST22-0052,푸른약국,명동8길 47 (충무로2가),서울특별시,중구,명동,775-7428,"영어, 일본어",126.985064403,37.5616624792
BE_LiST22-0053,유네스코약국,"명동길 26 , 402호(명동2가, 유네스코회관)",서울특별시,중구,명동,778-7880,영어,0,0
BE_LiST22-0054,명동중앙약국,"명동8나길 49, 102호 (충무로1가,동남빌딩A동)",서울특별시,중구,명동,777-0505,영어,0,0
BE_LiST22-0055,명동사랑약국,"퇴계로 109,1층102호 (충무로1가)",서울특별시,중구,명동,778-9975,영어,126.983864819,37.560952336
BE_LiST22-0056,오성약국,퇴계로41길 51 (인현동2가),서울특별시,중구,광희동,2279-5500,영어,126.995468015,37.5640996315
BE_LiST22-0057,성균제일약국,퇴계로48길 31 (묵정동),서울특별시,중구,필동,2269-6872,영어,127.0000996,37.5611840936
BE_LiST22-0058,신성약국,다산로 214 (신당동),서울특별시,중구,동화동,2273-1390,영어,127.015252628,37.5622498885
BE_LiST22-0059,하나약국,"무교로 32,408호 (무교동, 효령빌딩)",서울특별시,중구,명동,755-5155,영어,0,0
BE_LiST22-0060,을지수약국,마른내로 12 (저동2가),서울특별시,중구,을지로동,2275-2113,영어,126.989115917,37.5646073787
BE_LiST22-0061,필약국,"필동로 14, 103호 (필동2가, 대평빌딩)",서울특별시,중구,필동,2268-7552,영어,0,0
BE_LiST22-0062,지하근화사약국,"을지로 지하 131, 3-11 (을지로3가, 을지로3구역지하쇼핑)",서울특별시,중구,을지로동,2272-4986,영어,0,0
BE_LiST22-0063,장수약국,퇴계로86길 6 (신당동),서울특별시,중구,신당5동,2252-2929,영어,127.019599672,37.5652729907
BE_LiST22-0064,신라약국,남대문로9길 16 (다동),서울특별시,중구,명동,777-4826,영어,126.981549934,37.566837305
BE_LiST22-0065,보생당약국,퇴계로 192 (필동1가),서울특별시,중구,필동,2267-8830,중국어,128.733199223,36.574131617
BE_LiST22-0066,왕란약국,을지로44길 20 (광희동1가),서울특별시,중구,광희동,2267-1492,중국어,127.006383814,37.5652528211
BE_LiST22-0067,메디팜최약국,"용산구 청파로 324, 1층(청파동1가)",서울특별시,용산구,청파동,715-6009,영어,126.970247192,37.548577189
BE_LiST22-0068,명진당약국,용산구 청파로 387(서계동),서울특별시,용산구,청파동,717-5603,영어,126.968796343,37.5542458953
BE_LiST22-0069,소명약국,용산구 우사단로 43(이태원동),서울특별시,용산구,이태원1동,795-9954,영어,126.99543815,37.5341180005
BE_LiST22-0070,전약국,용산구 원효로25길 31(원효로4가),서울특별시,용산구,원효로2동,979-9834,영어,126.952581086,37.5328687913
BE_LiST22-0071,종로프라자약국,"용산구 한강대로23길 55, 지하2층 이마트내(한강로3가)",서울특별시,용산구,한강로동,2012-1276,영어,126.964742747,37.5297736038
BE_LiST22-0072,제일약국,용산구 대사관로60(한남동),서울특별시,용산구,한남동,792-8422,영어,127.004756399,37.5332710519
BE_LiST22-0073,현대온누리약국,용산구 이촌로280(이촌동),서울특별시,용산구,이촌1동,795-9842,영어,126.977869701,37.5184493907
BE_LiST22-0074,우리약국,"용산구 한강대로23길 55, 리빙관 6층 218호(한강로3가)",서울특별시,용산구,한강로동,2012-1507,영어,126.964742747,37.5297736038
BE_LiST22-0075,가장큰태평양약국,용산구 대사관로 52(한남동),서울특별시,용산구,한남동,790-3376,영어,127.003892013,37.5333179356
BE_LiST22-0076,공항약국,용산구 청파로 378 1층(동자동),서울특별시,용산구,남영동,313-2780,"영어, 일본어, 중국어",126.969366984,37.5536189503
BE_LiST22-0077,수약국,용산구 백범로 283(효창동),서울특별시,용산구,효창동,701-8224,영어,126.960872901,37.5396689775
BE_LiST22-0078,이촌프라자약국,"용산구 이촌로88길 3, 1층 12-2호(이촌동)",서울특별시,용산구,이촌1동,749-8686,영어,126.978693316,37.5180278726
BE_LiST22-0079,원효약국,"용산구 원효로 166, 103호(원효로2가, 원효아파트)",서울특별시,용산구,원효로1동,6407-7234,중국어,0,0
BE_LiST22-0080,하이약국,"용산구 한강대로 256, 1층(남영동, 수빌딩)",서울특별시,용산구,남영동,070-4122-1004,영어,126.97352697,37.5412870841
BE_LiST22-0081,금보약국,"용산구 원효로 51ㅡ 110호(산천동, 삼성테마트상가)",서울특별시,용산구,원효로2동,718-3673,영어,0,0
BE_LiST22-0082,밝은누리약국,용산구 녹사평대로 32길 47 지하1층(이태원동),서울특별시,용산구,이태원1동,792-2621,영어,126.990804059,37.532737397
BE_LiST22-0083,동부약국,용산구 이촌로 245(이촌1동),서울특별시,용산구,이촌1동,795-6242,일어,126.974425894,37.5199479645
BE_LiST22-0084,신금호약국,성동구 행당로 1(금호동1가),서울특별시,성동구,금호1가동,2282-5230,영어,127.020334817,37.554814094
BE_LiST22-0085,평안약국,성동구 고산자로6길 40(행당동),서울특별시,성동구,행당1동,2294-8111,영어,127.035483426,37.5582198876
BE_LiST22-0086,대학약국,성동구 사근동길 4(행당동),서울특별시,성동구,사근동,2293-0554,일본어,127.041582402,37.5599658314
BE_LiST22-0087,일진약국,성동구 용답중앙길 80-1(용답동),서울특별시,성동구,용답동,2245-3665,영어,127.054129248,37.5626673398
BE_LiST22-0088,영민약국,성동구 성수일로 10길 32(성수동2가),서울특별시,성동구,성수2가3동,466-1377,영어,127.053397661,37.546222663
BE_LiST22-0089,다나을약국,성동구 장터1길 2(금호동3가),서울특별시,성동구,금호2.3가동,2231-1703,영어,127.016942783,37.5486770297
BE_LiST22-0090,기린약국,성동구 독서당로 173(옥수동),서울특별시,성동구,옥수동,2299-8850,영어,127.010898836,37.5415634524
BE_LiST22-0091,유명한약국,성동구 독서당로 295-1(금호동3가),서울특별시,성동구,금호2.3가동,2238-9268,영어,127.021958087,37.548387884
BE_LiST22-0092,대중약국,성동구 왕십리로 379(하왕십리동),서울특별시,성동구,왕십리2동,2292-4418,영어,127.0281021,37.5645504761
BE_LiST22-0093,메디팜한솔약국,성동구 행당로 84(행당동),서울특별시,성동구,행당2동,2282-7948,영어,127.028746463,37.556567489
BE_LiST22-0094,명동온누리약국,"성동구 고산자로 164, 107호(행당동, 행당한신A)",서울특별시,성동구,행당1동,2281-7292,영어,0,0
BE_LiST22-0095,혜민약국,성동구 마조로 30(행당동),서울특별시,성동구,사근동,2293-2729,영어,127.041487512,37.5602938277
BE_LiST22-0096,정민약국,성동구 용답중앙 3나길 24(용답동),서울특별시,성동구,용답동,2212-8762,영어,127.050701004,37.5678369751
BE_LiST22-0097,제일약국,성동구 독서당로 378(응봉동),서울특별시,성동구,응봉동,2293-6946,영어,127.030540857,37.5496437701
BE_LiST22-0098,구내약국,광진구 워커힐로 177 (광장동),서울특별시,광진구,광장동,02-450-4759,"영어, 일본어",127.111706838,37.5586300824
BE_LiST22-0099,천사약국,"광진구 능동로 409, 1층 (중곡동)",서울특별시,광진구,중곡3동,02-463-9380,영어,127.083813983,37.5656088695
BE_LiST22-0100,동서울약국,"강변역로 50, 124호 (구의동)",서울특별시,광진구,구의3동,02-452-0015,영어,0,0
BE_LiST22-0101,삼성엠(M)약국,동대문구 왕산로 247-1(청량리동),서울특별시,동대문구,청량리동,967-3315,영어,127.048986167,37.5834249035
BE_LiST22-0102,세광약국,동대문구 왕산로 171(제기동),서울특별시,동대문구,제기동,962-8989,"영어,일어",127.042100434,37.5794848121
BE_LiST22-0103,복지약국,동대문구 천호대로 227(답십리동),서울특별시,동대문구,답십리1동,2217-3606,영어,127.048090267,37.5705374498
BE_LiST22-0104,참이화약국,"동대문구 천호대로 307,104호(답십리동,클래식타워)",서울특별시,동대문구,답십리1동,2247-5029,"영어,중국어",0,0
BE_LiST22-0105,장안평약국,동대문구 답십리로 304(장안동),서울특별시,동대문구,장안2동,2212-9430,영어,127.07421721,37.5718141408
BE_LiST22-0106,새이화약국,"동대문구 장한로 140, 1층(장안동)",서울특별시,동대문구,장안2동,2214-2488,"영어,스페인어",127.07215348,37.5728533663
BE_LiST22-0107,나나약국,동대문구 장한로18길 59(장안동),서울특별시,동대문구,장안2동,2245-2594,영어,127.072302606,37.5678617618
BE_LiST22-0108,동대문보건약국,동대문구 고산자로28가길 2(용두동),서울특별시,동대문구,용신동,965-7162,영어,127.040313815,37.5749696526
BE_LiST22-0109,동대문21세기약국,"동대문구 천호대로 13,지하1층(용두동,홈플러스)",서울특별시,동대문구,용신동,964-1717,영어,127.025103873,37.5749666589
BE_LiST22-0110,답십리백화점약국,동대문구 전농로 102(답십리동),서울특별시,동대문구,답십리2동,2215-9454,영어,127.05785497,37.573982077
BE_LiST22-0111,뉴메디칼약국,동대문구 전농로 147(전농동),서울특별시,동대문구,전농1동,2215-6291,영어,127.057269389,37.5779863816
BE_LiST22-0112,신행당약국,"동대문구 사가정로 148,3층(전농동, SK아파트스포츠상가 )",서울특별시,동대문구,전농2동,2212-1931,영어,127.06156565,37.5766579558
BE_LiST22-0113,은혜당약국,망우로32길 49,서울특별시,중랑구,면목2동,437-3337,영어,127.077389136,37.5916123354
BE_LiST22-0114,새봉화,신내로 211  금강리빙스텔203-A,서울특별시,중랑구,신내2동,3421-3383,일본어,127.092669373,37.6163497188
BE_LiST22-0115,건강제일온누리,동일로 786,서울특별시,중랑구,중화1동,491-1114,영어,127.046412499,37.7558879477
BE_LiST22-0116,이안온누리,면목로 305,서울특별시,중랑구,면목7동,493-5074,"영어,중국어",127.087438905,37.5796941942
BE_LiST22-0117,나을,동일로 608,서울특별시,중랑구,면목5동,433-4955,영어,127.080126314,37.5846440357
BE_LiST22-0118,태릉프라자,중랑역로 51,서울특별시,중랑구,중화2동,2208-0922,영어,127.076920541,37.598377285
BE_LiST22-0119,우리종로,용마산로 501,서울특별시,중랑구,망우본동,433-1100,영어,127.099904513,37.5958300854
BE_LiST22-0120,서울메디칼,"신내로16길 17 ,서울메디칼타워 103호",서울특별시,중랑구,신내1동,3422-5000,영어,127.097179045,37.6141765117
BE_LiST22-0121,운용약국,성북구 회기로 9 (종암동),서울특별시,성북구,종암동,912-3417,일본어,127.037673174,37.5914550991
BE_LiST22-0122,강원약국,성북구 아리랑로 117-7 (정릉동),서울특별시,성북구,정릉2동,914-8814,영어,127.013018595,37.6024777147
BE_LiST22-0123,서울고명약국,성북구 북악산로17길 2 (돈암동),서울특별시,성북구,돈암1동,923-6811,영어,127.020586815,37.5986780603
BE_LiST22-0124,알파약국,성북구 장위로42-1(장위동),서울특별시,성북구,성북동,918-7692,영어,127.041290879,37.6141300139
BE_LiST22-0125,온누리청수약국,성북구 보국문로 164 (정릉동),서울특별시,성북구,정릉4동,913-2328,영어,127.003234894,37.6170023365
BE_LiST22-0126,영생약국,성북구 종암로5길 26 선경A상가 1호(종암동),서울특별시,성북구,종암동,928-5777,영어,127.033929113,37.5947971124
BE_LiST22-0127,신선명약국,성북구 돌곶이로6길 22 (석관동),서울특별시,성북구,석관동,966-5913,영어,127.06317073,37.6059249325
BE_LiST22-0128,대림당약국,"성북구 길음로7길 31, ,75,76 (길음동)",서울특별시,성북구,길음1동,913-0832,영어,0,0
BE_LiST22-0129,자성약국,성북구 인촌로7라길 40 (안암동1가),서울특별시,성북구,안암동,928-8974,"영어,일본어",127.021684703,37.5890516679
BE_LiST22-0130,부산약국,성북구 장위로 124 (장위동),서울특별시,성북구,장위2동,915-4560,영어,127.05055064,37.613304709
BE_LiST22-0131,정릉약국,성북구 보국문로 45 (정릉동),서울특별시,성북구,정릉4동,914-3982,영어,127.009771535,37.6085434928
BE_LiST22-0132,대건약국,성북구 서경로 2 (정릉동),서울특별시,성북구,정릉1동,914-6815,영어,127.01496669,37.6039154643
BE_LiST22-0133,태명약국,성북구 장위로50길 66 (장위동),서울특별시,성북구,장위3동,915-1365,영어,127.058012687,37.6138382659
BE_LiST22-0134,남진약국,"성북구 길음로 20, 514동 515호(길음동, 길음뉴타운상가동)",서울특별시,성북구,길음1동,913-9270,영어,127.023039176,37.6047538874
BE_LiST22-0135,세종약국,성북구 보국문로 168 (정릉동),서울특별시,성북구,정릉4동,914-3685,영어,127.002886037,37.6171176721
BE_LiST22-0136,온누리자애약국,성북구 보문로23길 7 (보문동5가),서울특별시,성북구,보문동,926-6678,영어,127.019541192,37.5840461258
BE_LiST22-0137,인현약국,성북구 돌곶이로41길 33 (장위동),서울특별시,성북구,장위1동,918-7353,영어,127.046371711,37.6175987337
BE_LiST22-0138,보건약국,성북구 장월로 151 (장위동),서울특별시,성북구,장위1동,915-1336,영어,127.051537242,37.6183714405
BE_LiST22-0139,백경약국,성북구 돌곶이로 34 (석관동),서울특별시,성북구,석관동,963-8974,영어,127.060802737,37.6073893835
BE_LiST22-0140,동선약국,성북구 동소문로26다길 17 (동선동3가),서울특별시,성북구,동선동,923-7731,영어,127.020164487,37.5946777318
BE_LiST22-0141,수보약국,성북구 솔샘로6길 63 (정릉동),서울특별시,성북구,정릉3동,914-1555,영어,127.008059166,37.608810315
BE_LiST22-0142,관문약국,성북구 장위로 177 (장위동),서울특별시,성북구,장위3동,915-1241,영어,127.055237085,37.6159695343
BE_LiST22-0143,구원약국,성북구 오패산로 16 (하월곡동),서울특별시,성북구,월곡2동,913-1139,영어,127.037557022,37.6036617642
BE_LiST22-0150,국민약국,성북구 정릉로10길 42-2 (정릉동),서울특별시,성북구,정릉3동,914-5782,영어,126.999587759,37.6080393424
BE_LiST22-0151,모당약국,성북구 아리랑로5길 1 (동소문동7가),서울특별시,성북구,동선동,925-4465,영어,127.011024769,37.5975837357
BE_LiST22-0152,세원약국,성북구 동소문로20가길 51 (동선동1가),서울특별시,성북구,동선동,922-6060,영어,127.018828113,37.5937733569
BE_LiST22-0153,온누리민우약국,성북구 돌곶이로22길 49 (석관동),서울특별시,성북구,석관동,969-4582,영어,127.060651416,37.6107159139
BE_LiST22-0154,온누리진호약국,성북구 돌곶이로 36-1 (석관동),서울특별시,성북구,석관동,964-1944,영어,127.060576403,37.6075985295
BE_LiST22-0155,승일약국,성북구 화랑로37길 50-14 (장위동),서울특별시,성북구,장위3동,915-4057,영어,127.05755049,37.6137231656
BE_LiST22-0156,대학약국,성북구 인촌로 89 (안암동5가),서울특별시,성북구,안암동,924-1919,영어,127.029215294,37.5862785907
BE_LiST22-0157,혜조약국,성북구 종암로21길 128 (종암동),서울특별시,성북구,종암동,922-5076,영어,127.030481326,37.6035052295
BE_LiST22-0158,삼화약국,성북구 돌곶이로 196-1 (장위동),서울특별시,성북구,장위1동,911-4642,영어,127.047889641,37.6178251765
BE_LiST22-0159,월곡약국,성북구 화랑로11길 6 (하월곡동),서울특별시,성북구,월곡2동,913-2900,영어,127.041569875,37.6025864386
BE_LiST22-0160,건강한약국,성북구 동소문로42길 14 (하월곡동),서울특별시,성북구,월곡1동,916-6445,영어,127.027782365,37.6057259353
BE_LiST22-0161,온누리성모약국,"성북구 성북로4길 52, 한신한진(아)제상가 417동 102호 (돈암동)",서울특별시,성북구,삼선동,927-1282,중국어,127.009402624,37.5929059279
BE_LiST22-0162,화성약국,성북구 오패산로 73 (하월곡동),서울특별시,성북구,월곡1동,913-8936,영어,127.035883338,37.6085780856
BE_LiST22-0163,태평양약국,"성북구 보국문로16길 31, 1층 (정릉동)",서울특별시,성북구,정릉4동,919-2525,영어,127.009115015,37.611433919
BE_LiST22-0164,부민약국,성북구 화랑로13길 9 (하월곡동),서울특별시,성북구,월곡2동,912-7393,영어,127.042453896,37.6038403024
BE_LiST22-0165,온누리두산약국,"성북구 화랑로48길 16, 두산아파트 상가 101호 (석관동)",서울특별시,성북구,석관동,959-2668,영어,127.06899448,37.6137638812
BE_LiST22-0166,광혜당약국,성북구 장월로 88-1 (장위동),서울특별시,성북구,장위2동,942-5199,영어,127.049060436,37.613777456
BE_LiST22-0167,청십자약국,성북구 보문로 99 (보문동5가),서울특별시,성북구,보문동,923-2393,영어,127.019826483,37.5839920186
BE_LiST22-0168,하나온누리약국,성북구 화랑로 95 (하월곡동),서울특별시,성북구,월곡2동,914-0035,영어,127.042449045,37.6032744823
BE_LiST22-0169,미래약국,성북구 인촌로 85 (안암동5가),서울특별시,성북구,안암동,924-5264,영어,127.028880245,37.5864913075
BE_LiST22-0170,연약국,"성북구 동소문로 12, 지층 (동소문동2가)",서울특별시,성북구,삼선동,3675-5778,영어,127.007581472,37.5888371781
BE_LiST22-0171,삼원약국,성북구 종암로 120 (종암동),서울특별시,성북구,종암동,941-8550,영어,127.034439265,37.6010210113
BE_LiST22-0172,보문약국,성북구 보문로 123 (보문동2가),서울특별시,성북구,보문동,921-3844,영어,127.018731048,37.5859924022
BE_LiST22-0173,웰빙우정약국,성북구 월계로 46 (하월곡동),서울특별시,성북구,월곡1동,941-1923,영어,127.034865275,37.6111948636
BE_LiST22-0174,신세원약국,성북구 동소문로 245-2 (길음동),서울특별시,성북구,길음1동,909-0928,영어,127.023745465,37.6035608364
BE_LiST22-0175,백두산약국,"성북구 인촌로 78, 1층,2층 (안암동5가)",서울특별시,성북구,안암동,927-2792,영어,127.028024156,37.5861094928
BE_LiST22-0176,한솔약국,성북구 동소문로 57-1 (동소문동4가),서울특별시,성북구,삼선동,926-6479,영어,127.011893448,37.5914136604
BE_LiST22-0177,참사랑약국,성북구 장위로 107 (장위동),서울특별시,성북구,장위1동,942-3137,영어,127.048765927,37.6137343306
BE_LiST22-0178,정릉메디칼약국,성북구 정릉로 326 (정릉동),서울특별시,성북구,정릉1동,912-2727,영어,127.019323947,37.6020696031
BE_LiST22-0179,지선약국,성북구 장월로12길 15 (장위동),서울특별시,성북구,장위2동,911-1996,영어,127.049947964,37.613113956
BE_LiST22-0180,21세기고려약국,"성북구 인촌로 80, 1층 (안암동5가)",서울특별시,성북구,안암동,929-9696,영어,127.028160022,37.5861166684
BE_LiST22-0181,옵티마시민약국,성북구 보문로 93 (보문동5가),서울특별시,성북구,보문동,928-8663,영어,127.020057329,37.5835595028
BE_LiST22-0182,안세약국,성북구 동소문로7길 2 (동소문동4가),서울특별시,성북구,삼선동,2202-4484,영어,127.009216582,37.5901056591
BE_LiST22-0183,길음메디칼약국,성북구 길음로 2 (길음동),서울특별시,성북구,길음1동,915-5777,영어,127.024678874,37.6043499123
BE_LiST22-0184,준약국,성북구 성북로 5길2 (성북동),서울특별시,성북구,성북동,764-4835,영어,127.004782604,37.5892589891
BE_LiST22-0185,해오름약국,성북구 솔샘로25길 28 풍림아이원아파트 202동상가 211호 (정릉동),서울특별시,성북구,정릉4동,912-2302,영어,127.006963777,37.6185771026
BE_LiST22-0186,미소약국,성북구 삼선교로10길 23 (삼선동2가),서울특별시,성북구,삼선동,744-4415,영어,127.009469826,37.5870963238
BE_LiST22-0187,메디칼팜약국,성북구 오패산로 49 (하월곡동),서울특별시,성북구,월곡1동,909-0508,영어,127.036434953,37.6063975216
BE_LiST22-0188,그약국,성북구 보국문로 46 (정릉동),서울특별시,성북구,정릉4동,911-0488,영어,127.01011129,37.6085038206
BE_LiST22-0189,선약국,성북구 돌곶이로41길 10 (장위동),서울특별시,성북구,장위1동,942-4553,영어,127.045697164,37.6184603414
BE_LiST22-0190,청솔약국,성북구 한천로 743 (장위동),서울특별시,성북구,장위3동,909-8067,영어,127.051059775,37.6224549239
BE_LiST22-0191,동인약국,성북구 동소문로 107 (동선동4가),서울특별시,성북구,동선동,926-3533,영어,127.017047981,37.5931825768
BE_LiST22-0192,아이사랑약국,성북구 정릉로31길 6 (정릉동),서울특별시,성북구,정릉1동,070-8616-4340,영어,127.016624532,37.6035115988
BE_LiST22-0193,사랑의약국,성북구 종암로 115 (종암동),서울특별시,성북구,종암동,922-7111,영어,127.033560217,37.6003797591
BE_LiST22-0194,삼성약국,"성북구 동소문로 190, 중앙빌딩 1층 (돈암동)",서울특별시,성북구,돈암1동,929-3069,영어,127.022090689,37.5988904223
BE_LiST22-0195,중앙프라자약국,"성북구 동소문로 98, 통운빌딩 1층 (동소문동5가)",서울특별시,성북구,삼선동,927-5606,영어,127.016191756,37.5922492697
BE_LiST22-0196,십자성약국,"성북구 한천로78길 53, 1층(석관동)",서울특별시,성북구,석관동,966-0710,영어,127.064639899,37.6128365265
BE_LiST22-0197,계산온누리약국,성북구 동소문로20길 43 (동선동1가),서울특별시,성북구,동선동,925-4551,일본어,127.017024758,37.5906525944
BE_LiST22-0198,세기약국,성북구 동소문로 235 (길음동),서울특별시,성북구,길음1동,3292-1224,영어,127.022757803,37.6030528724
BE_LiST22-0199,장위성모약국,성북구 장위로 122 (장위동),서울특별시,성북구,장위2동,913-7516,영어,127.050138336,37.6132544295
BE_LiST22-0200,참약국,성북구 종암로21길 3 용진빌딩 1층(종암동),서울특별시,성북구,종암동,922-9458,영어,127.034134773,37.5988262861
BE_LiST22-0201,큰사랑약국,성북구 동소문로 66 (동소문동3가),서울특별시,성북구,삼선동,922-9721,영어,127.012980433,37.591402734
BE_LiST22-0202,남산약국,성북구 장위로 118 (장위동),서울특별시,성북구,장위2동,911-1224,영어,127.049848412,37.6132905919
BE_LiST22-0203,한미약국,성북구 종암로 97 (종암동),서울특별시,성북구,종암동,925-0825,영어,127.034243549,37.5989704132
BE_LiST22-0204,옵티마e-편한약국,"성북구 삼양로13길 45, 대림아파트 상가 316호 (길음동)",서울특별시,성북구,길음1동,909-3525,영어,127.019670488,37.6107262562
BE_LiST22-0205,송원온누리약국,"성북구 종암로 132, 우림카이저팰리스 201호 (종암동)",서울특별시,성북구,종암동,915-3500,영어,127.03352014,37.6019186625
BE_LiST22-0206,월곡우리약국,"성북구 월계로 52, 에스엠메디칼 102호 (하월곡동)",서울특별시,성북구,월곡1동,917-7400,영어,127.035567604,37.6114685547
BE_LiST22-0207,W스토어 아침을 여는 햇살약국,"성북구 동소문로 14-1, 1층 (동소문동2가)",서울특별시,성북구,삼선동,762-0234,영어,127.007889457,37.5889885246
BE_LiST22-0208,서현약국,"성북구 정릉로32길 4, 1층 (정릉동)",서울특별시,성북구,정릉1동,3292-0999,영어,127.016570013,37.6027872102
BE_LiST22-0209,허브약국,"성북구 보국문로 160, 1층 (정릉동)",서울특별시,성북구,정릉4동,913-6786,영어,127.003615465,37.6169122266
BE_LiST22-0210,조아약국,"성북구 화랑로 87, 1층 (하월곡동)",서울특별시,성북구,월곡2동,919-8575,영어,127.041773766,37.6026764656
BE_LiST22-0211,파란하늘약국,"성북구 성북로4길 52, 한신한진APT제상가417동501호 (돈암동)",서울특별시,성북구,삼선동,929-8723,영어,127.009402624,37.5929059279
BE_LiST22-0212,성북녹십자약국,"성북구 동소문로 32, 1층 (동소문동3가)",서울특별시,성북구,삼선동,926-4166,영어,127.009705671,37.5897524309
BE_LiST22-0213,프라임온누리약국,"성북구 월계로40길 7, 센트럴타운 상가 1층 109호 (장위동)",서울특별시,성북구,장위3동,916-9472,영어,127.048395869,37.6229461836
BE_LiST22-0214,3층약국,"성북구 동소문로 248, (삼부아파트상가102동314-1호) (길음동)",서울특별시,성북구,길음1동,915-0022,영어,127.024823443,37.6031821986
BE_LiST22-0215,명소약국,"성북구 돌곶이로 28, 1층 (석관동)",서울특별시,성북구,석관동,965-0237,영어,127.061128631,37.607057651
BE_LiST22-0216,민성약국,"성북구 종암로27길 13, 도원프라자 101호 (종암동)",서울특별시,성북구,종암동,927-6959,영어,127.031432231,37.6026436333
BE_LiST22-0217,이화프라자약국,"성북구 보국문로 50, 청수프라자 지하1층B105호 (정릉동)",서울특별시,성북구,정릉4동,914-2053,영어,127.010084158,37.6088642187
BE_LiST22-0218,두리온누리약국,"성북구 종암로 85, 1층 (종암동)",서울특별시,성북구,종암동,923-0450,영어,127.034628059,37.5978855078
BE_LiST22-0219,성북월드팜약국,서울시 성북구 화랑로25길 14 (장위동),서울특별시,성북구,장위2동,918-7972,"영어, 일어, 독일어, 러시아어",127.052464207,37.6093070866
BE_LiST22-0220,월곡보건약국,성북구 화랑로 61 (하월곡동),서울특별시,성북구,월곡2동,909-8144,영어,127.039205358,37.6026485151
BE_LiST22-0221,코끼리약국,"성북구 오패산로 98, 로만프라자 103-2호 (하월곡동)",서울특별시,성북구,월곡1동,909-0555,"영어,일본어",127.035648854,37.6108486497
BE_LiST22-0222,웰팜약국,성북구 길음로13길 22 길음뉴타운 두산위브상가 지하1층 10호 (길음동),서울특별시,성북구,길음1동,914-7773,영어,127.019325855,37.6094433044
BE_LiST22-0223,서울약국,"성북구 동소문로 181, 성북성심빌딩 1층 (돈암동)",서울특별시,성북구,돈암1동,924-5191,영어,127.021442818,37.5983895908
BE_LiST22-0224,메디팜백약국,"성북구 오패산로 57, 1층 (하월곡동)",서울특별시,성북구,월곡1동,912-6200,영어,127.036208906,37.6073346205
BE_LiST22-0225,신중앙약국,"서울시 성북구 종암로 68, 1층 (종암동)",서울특별시,성북구,종암동,943-8331,영어,127.035782382,37.5964219537
BE_LiST22-0226,스타약국,성북구 동소문로 92 (동소문동5가),서울특별시,성북구,삼선동,070-4257-5277,영어,127.015494248,37.592166472
BE_LiST22-0227,푸른약국,"성북구 돌곶이로 25, 101호 (석관동)",서울특별시,성북구,석관동,969-0566,영어,0,0
BE_LiST22-0228,은혜약국,성북구 종암로 91 (종암동),서울특별시,성북구,종암동,926-1122,영어,127.034474274,37.5983576721
BE_LiST22-0229,이화약국,"성북구 길음로 20, 길음뉴타운 상가동 1층 116호 (길음동)",서울특별시,성북구,길음1동,911-4326,영어,127.023039176,37.6047538874
BE_LiST22-0230,길음시장약국,"성북구 길음로9길 50, 길음뉴타운9단지아파트 상가 101호 (길음동)",서울특별시,성북구,정릉1동,070-4402-4565,영어,127.020950306,37.6026964149
BE_LiST22-0231,지혜약국,성북구 한천로 649 (장위동),서울특별시,성북구,장위3동,070-7648-9731,영어,127.057167233,37.6161163772
BE_LiST22-0232,미소담약국,"성북구 보국문로 49, 1층 (정릉동)",서울특별시,성북구,정릉4동,6349-2589,영어,127.009690025,37.6087957766
BE_LiST22-0233,성신약국,성북구 동소문로 125 (동선동4가),서울특별시,성북구,동선동,921-9971,영어,127.018216757,37.5941554733
BE_LiST22-0234,길약국,"성북구 성북로4길 52, 한진아파트 418동 3층 2302호 (돈암동)",서울특별시,성북구,삼선동,923-9994,중국어,127.009402624,37.5929059279
BE_LiST22-0235,신정릉우리약국,"성북구 보국문로 43, 야원빌딩 103호 (정릉동)",서울특별시,성북구,정릉2동,942-8831,영어,127.009889269,37.6081722753
BE_LiST22-0236,영준약국,"성북구 오패산로3길 158, 1층(하월곡동)",서울특별시,성북구,월곡1동,912-4813,영어,127.032934803,37.6099268254
BE_LiST22-0237,금강약국,성북구 안암로103 (안암동),서울특별시,성북구,안암동,924-7575,영어,127.031293477,37.584998648
BE_LiST22-0238,세계로약국,"성북구 화랑로40길 54, 영원빌딩 1층 (석관동)",서울특별시,성북구,석관동,962-5446,영어,127.064486397,37.6134528867
BE_LiST22-0239,호수온누리약국,성북구 동소문로47길 12 (길음동),서울특별시,성북구,길음2동,988-8979,영어,127.029052009,37.6089403607
BE_LiST22-0240,행복한약국,성북구 보문로 34길 59(동선동),서울특별시,성북구,동선동,927-8253,영어,127.018582871,37.5911100634
BE_LiST22-0241,바른온누리약국,"성북구 화랑로76 1층 112-1호(하월곡동, 코업스타클래스)",서울특별시,성북구,삼선동,942-4750,영어,127.040464195,37.6018263869
BE_LiST22-0242,덕성온누리약국,성북구 아리랑로 89 일신건영휴먼빌 상가 102호(돈암동),서울특별시,성북구,돈암2동,922-0555,영어,127.013616215,37.6007693692
BE_LiST22-0243,신흥약국,성북구 보국문로 76 (정릉동),서울특별시,성북구,정릉4동,914-4103,영어,127.008974539,37.6111311974
BE_LiST22-0244,365약국,"성북구 동소문로 321, 1층 (길음동)",서울특별시,성북구,길음2동,985-1365,영어,127.029459602,37.6086303193
BE_LiST22-0245,사랑받는약국,성북구 정릉로36길 28 (정릉동),서울특별시,성북구,정릉1동,943-2385,영어,127.017072736,37.6024123266
BE_LiST22-0246,뉴대원약국,"성북구 화랑로 248, 장위뉴타워 101호 (석관동)",서울특별시,성북구,석관동,963-0792,영어,127.056904635,37.6104042358
BE_LiST22-0247,유민약국,성북구 동소문로 127-2,서울특별시,성북구,동선동,929-8937,영어,127.018588223,37.5944185049
BE_LiST22-0248,우주온누리약국,성북구 아리랑로 15 (동소문동6가),서울특별시,성북구,동선동,922-0544,영어,127.015915901,37.5942386972
BE_LiST22-0249,청춘한약국,"성북구 길음로9길 50, 길음뉴타운제상가동제지1층120호 (길음동)",서울특별시,성북구,정릉1동,6467-9595,영어,127.020950306,37.6026964149
BE_LiST22-0250,새국민약국,"성북구 화랑로 91, 1층 (하월곡동)",서울특별시,성북구,월곡2동,909-3463,영어,127.042113673,37.6029826816
BE_LiST22-0251,삼성약국,성북구 동소문로 190(돈암동),서울특별시,성북구,돈암1동,929-3069,영어,127.022090689,37.5988904223
BE_LiST22-0252,아름다운약국,"성북구 길음로 33, 삼성레미안 4차 B동상가지하1층 17,18호 (길음동)",서울특별시,성북구,길음1동,912-5148,영어,127.022010971,37.6050496083
BE_LiST22-0253,동민약국,"성북구 오패산로 99, 동민빌딩 102호, 201호 (하월곡동)",서울특별시,성북구,월곡1동,8월-25,영어,127.035164067,37.6107514883
BE_LiST22-0144,나바론약국,성북구 동소문로 3-1 (동소문동1가),서울특별시,성북구,삼선동,762-6300,영어,127.006689279,37.588959767
BE_LiST22-0145,새민우약국,성북구 북악산로 845 쌍용아파트상가203동301호 (정릉동) ,서울특별시,성북구,정릉1동,917-4275,영어,127.018272366,37.5993019271
BE_LiST22-0146,굿모닝약국,"성북구 동소문로 16-1, 1층 (동소문동2가)",서울특별시,성북구,삼선동,913-3623,영어,127.008106857,37.5890786091
BE_LiST22-0147,소망약국,성북구 정릉로 322 (정릉동),서울특별시,성북구,정릉1동,918-8055,영어,127.018988772,37.6021777763
BE_LiST22-0148,장일약국,성북구 정릉로 274 (정릉동),서울특별시,성북구,정릉1동,916-8373,영어,127.013784259,37.6031876082
BE_LiST22-0149,동부약국,성북구 숭인로2길 61 동부센트레빌아파트분산상가 103호 (길음동),서울특별시,성북구,길음2동,983-7950,영어,127.02497499,37.6093521451
BE_LiST22-0254,정문약국,성북구 인촌로 82 (안암동5가),서울특별시,성북구,안암동,924-2121,영어,127.028327587,37.5861166283
BE_LiST22-0255,돌곶이온누리약국,"성북구 화랑로 248, 장위뉴타워 1층 102호, 102-1호 (석관동)",서울특별시,성북구,석관동,967-5555,영어,127.056904635,37.6104042358
BE_LiST22-0256,새보건약국,성북구 화랑로 67 (하월곡동),서울특별시,성북구,월곡2동,911-7111,영어,127.039857636,37.6026266728
BE_LiST22-0257,늘푸른평강약국,"한천로 1043, 1층(수유동)",서울특별시,강북구,수유3동,02-903-5022,영어,127.026036788,37.6402990173
BE_LiST22-0258,다나을약국,"도봉로 333, 6층(수유동, 정우빌딩)",서울특별시,강북구,수유3동,02-900-3133,영어,127.025052511,37.6378701753
BE_LiST22-0259,동아약국,도봉로 118(미아동),서울특별시,강북구,송중동,02-985-1448,영어,127.029160316,37.619474693
BE_LiST22-0535,동아약국,강동구 천호대로 997(천호동),서울특별시,강동구,천호2동,485-4195,영어,127.123743002,37.5385798825
BE_LiST22-0536,덕인약국,강동구 구천면로 287(천호동),서울특별시,강동구,천호2동,471-2772,영어,127.133300668,37.5456116892
BE_LiST22-0537,조이약국,"강동구 천호대로 1006, 306호(천호동)",서울특별시,강동구,성내2동,485-7373,영어,0,0
BE_LiST22-0538,옵티마연당약국,강동구 양재대로 1655(명일동),서울특별시,강동구,명일1동,3426-2323,영어,127.143934334,37.5533513916
BE_LiST22-0539,베스트약국,강동구 양재대로 1325(성내동),서울특별시,강동구,성내3동,474-2447,영어,127.134584986,37.5248187542
BE_LiST22-0540,강동메디칼약국,강동구 올림픽로 686(천호동),서울특별시,강동구,천호2동,483-0108,영어,127.125102762,37.5424779751
BE_LiST22-0541,강남약국,강동구 양재대로 1355(성내동),서울특별시,강동구,성내3동,486-7823,"중국어, 영어",127.135616842,37.5273944381
BE_LiST22-0542,명일마트종로약국,"강동구 고덕로 276, 지하(명일동, 이마트)",서울특별시,강동구,명일2동,428-7845,영어,127.155611778,37.5547060946
BE_LiST22-0543,파란약국,강동구 양재대로 1325(성내동),서울특별시,강동구,성내3동,484-2479,영어,127.134584986,37.5248187542
BE_LiST22-0544,대한약국,강동구 천호대로 1027(천호동),서울특별시,강동구,천호2동,483-9165,영어,127.12639439,37.5381085546
BE_LiST22-0545,보운약국,강동구 진황도로61길 42(둔촌동),서울특별시,강동구,둔촌2동,477-8088,"영어, 일어",127.1454568,37.5284747423
BE_LiST22-0546,한림약국,강동구 성안로 149(천호동),서울특별시,강동구,길동,486-9744,"영어, 일어",127.134705724,37.5366001028
BE_LiST22-0547,시민당약국,강동구 양재대로 1478(길동),서울특별시,강동구,길동,479-8100,영어,127.140229236,37.5376928927
BE_LiST22-0548,위드팜천사약국,"강동구 천호대로 1107, 101호(길동)",서울특별시,강동구,길동,483-8200,"영어, 일어",0,0
BE_LiST22-0549,두레약국,강동구 고덕로83길 6(고덕동),서울특별시,강동구,고덕2동,429-1662,"영어, 일어",127.168922385,37.5574052075
BE_LiST22-0550,승민약국,강동구 천호대로 1158(둔촌동),서울특별시,강동구,둔촌2동,487-1201,일어,127.140107937,37.5333358007
BE_LiST22-0001,건강약국,혜화로 2(혜화동),서울특별시,종로구,혜화동,764-9918,영어,127.000892171,37.5860875883
BE_LiST22-0002,공생약국,"종로 228, 1층(종로5가)",서울특별시,종로구,종로5.6가동,2273-7826,"영어,일어",127.003074415,37.5707021758
BE_LiST22-0003,그린약국,종로 313(창신동),서울특별시,종로구,창신1동,745-2112,영어,127.012465465,37.572341369
BE_LiST22-0004,녹십자약국,창신길 17(창신동),서울특별시,종로구,창신2동,765-2766,영어,128.952467652,35.9873650995
BE_LiST22-0005,단골약국,지봉로 50(숭인동),서울특별시,종로구,숭인1동,745-0731,영어,127.015956987,37.5745321682
BE_LiST22-0006,대성약국,"청계천로 291,가동1층(창신동,동대문상가)",서울특별시,종로구,창신1동,743-5800,영어,127.010069869,37.5700638817
BE_LiST22-0007,대서울약국,"창경궁로 158,2층(원남동)",서울특별시,종로구,종로1.2.3.4가동,762-6060,영어,126.997572882,37.5764577461
BE_LiST22-0008,대학약국,"창경궁로 162,1,2층(원남동)",서울특별시,종로구,종로1.2.3.4가동,3672-3672,영어,126.997437021,37.5768722007
BE_LiST22-0009,독일약국,종로 314(창신동),서울특별시,종로구,창신1동,764-5511,영어,127.012619342,37.571905271
BE_LiST22-0010,동서약국,종로 222(종로5가),서울특별시,종로구,종로5.6가동,2266-8911,영어,127.002359016,37.570759856
BE_LiST22-0011,동아약국,종로 192(종로4가),서울특별시,종로구,종로1.2.3.4가동,2285-5702,"영어,일어",126.99907179,37.5706049047
BE_LiST22-0012,동인약국,창신길 11(창신동),서울특별시,종로구,창신2동,743-7371,영어,127.16093994,35.3648909085
BE_LiST22-0013,메디칼서울약국,대학로9길 6(명륜4가),서울특별시,종로구,혜화동,766-9000,"영어,중국어",127.001526115,37.5818204776
BE_LiST22-0014,믿음약국,"종로 335-1,지하1층(창신동,명제빌딩)",서울특별시,종로구,창신1동,745-6678,영어,127.014648072,37.5730150626
BE_LiST22-0015,보광약국,"대학로93-3,1층(연건동)",서울특별시,종로구,종로1.2.3.4가동,762-2515,"영어,일어",127.001720788,37.5794814951
BE_LiST22-0016,보람약국,종로 326(창신동),서울특별시,종로구,창신1동,743-7915,영어,127.013986852,37.5723051587
BE_LiST22-0017,보령약국,종로 203(종로5가),서울특별시,종로구,종로5.6가동,763-8181,"영어,중국어",127.000502596,37.5713401194
BE_LiST22-0018,삼정바로약국,"새문안로 27,1층(평동)",서울특별시,종로구,교남동,736-3385,영어,126.968297134,37.5678904571
BE_LiST22-0019,종로제일약국,종로 205(종로5가),서울특별시,종로구,종로5.6가동,3672-8558,"영어,중국어,일어",127.00055693,37.5712031679
BE_LiST22-0020,새현대약국,"사직로 130, 38호(적선동)",서울특별시,종로구,사직동,720-5662,"영어, 중국어,일어",0,0
BE_LiST22-0021,서울종로약국,대학로 117(명륜4가),서울특별시,종로구,혜화동,3676-1400,영어,128.611677426,35.8950094258
BE_LiST22-0022,성심약국,"지봉로 61, 1층 (창신동)",서울특별시,종로구,창신1동,743-2062,영어,127.015477215,37.5755269302
BE_LiST22-0023,성진약국,창경궁로 271-1 (혜화동),서울특별시,종로구,혜화동,762-2211,영어,127.000602325,37.5855686182
BE_LiST22-0024,숭인약국,"종로 407, 1층 (숭인동)",서울특별시,종로구,숭인2동,929-0754,영어,127.022323767,37.5754933982
BE_LiST22-0025,숭인다모아약국,지봉로8길 54 (숭인동),서울특별시,종로구,숭인1동,765-5885,영어,127.015731046,37.5767378332
BE_LiST22-0026,시민약국,자하문로 2 (적선동),서울특별시,종로구,사직동,736-6512,영어,126.972731184,37.5763465023
BE_LiST22-0027,열린약국,종로 204 (종로4가),서울특별시,종로구,종로1.2.3.4가동,2264-8211,"영어,일어",127.000330534,37.5707130273
